K,W,AvgRecall,AvgAF,QPS
8,10,0.020000,1.281992,99.378388
