cluster,x,y
0,4.000000,7.000000
1,6.400000,0.400000
