index,x,y,cluster
0,8.000000,0.000000,1
1,4.000000,6.000000,0
2,7.000000,9.000000,0
3,2.000000,6.000000,0
4,7.000000,1.000000,1
5,7.000000,0.000000,1
6,9.000000,0.000000,1
7,3.000000,9.000000,0
8,1.000000,1.000000,1
9,4.000000,5.000000,0
