cluster,x,y
0,5.833333,4.000000
1,1.750000,3.250000
