cluster,x,y
0,55.936577,63.808613
1,7.541388,62.679089
2,99.948326,60.992504
3,35.494453,23.574490
4,30.044783,99.553429
5,87.669060,32.304375
6,14.251145,79.029236
7,41.764744,1.370801
8,7.875659,55.780899
9,55.025345,35.792591
