index,x,y,cluster
0,55.936577,63.808613,0
1,7.541388,62.679089,1
2,99.948326,60.992504,2
3,35.494453,23.574490,3
4,30.044783,99.553429,4
5,87.669060,32.304375,5
6,14.251145,79.029236,6
7,41.764744,1.370801,7
8,7.875659,55.780899,8
9,55.025345,35.792591,9
