index,x,y,cluster
0,7.000000,6.000000,0
1,1.000000,1.000000,1
2,6.000000,0.000000,0
3,2.000000,5.000000,1
4,1.000000,6.000000,1
5,7.000000,4.000000,0
6,5.000000,4.000000,0
7,3.000000,1.000000,1
8,6.000000,5.000000,0
9,4.000000,5.000000,0
